{"cameraMode":{"drawMode":0,"name":"Shaded","section":"Shading Mode"},"sceneLighting":false,"audioPlay":false,"sceneViewState":{"showFog":true,"showMaterialUpdate":false,"showSkybox":false,"showFlares":true,"showImageEffects":true,"showParticleSystems":true},"in2DMode":false,"pivot":{"x":-5.5775041580200199,"y":-2.2230584621429445,"z":-0.0637366771697998},"rotation":{"x":-0.15374381840229035,"y":0.7510986924171448,"z":-0.18810832500457765,"w":-0.6138749122619629},"size":11.354707717895508,"orthographic":false}