{"cameraMode":{"drawMode":0,"name":"Shaded","section":"Shading Mode"},"sceneLighting":false,"audioPlay":false,"sceneViewState":{"showFog":true,"showMaterialUpdate":false,"showSkybox":false,"showFlares":true,"showImageEffects":true,"showParticleSystems":true},"in2DMode":false,"pivot":{"x":-0.44750213623046877,"y":52.04221725463867,"z":-3.893604278564453},"rotation":{"x":0.2721496522426605,"y":0.26824262738227847,"z":-0.07928963005542755,"w":0.9207034707069397},"size":60.833927154541019,"orthographic":false}