{"cameraMode":{"drawMode":0,"name":"Shaded","section":"Shading Mode"},"sceneLighting":false,"audioPlay":false,"sceneViewState":{"showFog":true,"showMaterialUpdate":false,"showSkybox":false,"showFlares":true,"showImageEffects":true,"showParticleSystems":true},"in2DMode":false,"pivot":{"x":14.608404159545899,"y":-4.6999664306640629,"z":5.6680908203125},"rotation":{"x":0.4232359826564789,"y":0.12971563637256623,"z":-0.06136936694383621,"w":0.8945832848548889},"size":66.78558349609375,"orthographic":false}