{"cameraMode":{"drawMode":0,"name":"Shaded","section":"Shading Mode"},"sceneLighting":false,"audioPlay":false,"sceneViewState":{"showFog":true,"showMaterialUpdate":false,"showSkybox":false,"showFlares":true,"showImageEffects":true,"showParticleSystems":true},"in2DMode":false,"pivot":{"x":-2.063514232635498,"y":-3.7771377563476564,"z":-3.6481003761291506},"rotation":{"x":-0.0796092078089714,"y":0.920379638671875,"z":-0.26754897832870486,"w":-0.2738535404205322},"size":16.836027145385743,"orthographic":false}