{"cameraMode":{"drawMode":0,"name":"Shaded","section":"Shading Mode"},"sceneLighting":false,"audioPlay":false,"sceneViewState":{"showFog":true,"showMaterialUpdate":false,"showSkybox":false,"showFlares":true,"showImageEffects":true,"showParticleSystems":true},"in2DMode":false,"pivot":{"x":-1.8382315635681153,"y":-3.9654159545898439,"z":-3.94387149810791},"rotation":{"x":-0.08207052946090698,"y":0.9179345369338989,"z":-0.2758212983608246,"w":-0.2731258273124695},"size":16.836027145385743,"orthographic":false}