{"cameraMode":{"drawMode":0,"name":"Shaded","section":"Shading Mode"},"sceneLighting":false,"audioPlay":false,"sceneViewState":{"showFog":true,"showMaterialUpdate":false,"showSkybox":false,"showFlares":true,"showImageEffects":true,"showParticleSystems":true},"in2DMode":false,"pivot":{"x":-0.5818471908569336,"y":0.18617773056030274,"z":0.5073337554931641},"rotation":{"x":-0.11097835004329682,"y":0.8884949088096619,"z":-0.33078309893608096,"w":-0.29809334874153139},"size":8.07897663116455,"orthographic":false}