{"cameraMode":{"drawMode":0,"name":"Shaded","section":"Shading Mode"},"sceneLighting":false,"audioPlay":false,"sceneViewState":{"showFog":true,"showMaterialUpdate":false,"showSkybox":false,"showFlares":true,"showImageEffects":true,"showParticleSystems":true},"in2DMode":false,"pivot":{"x":-1.6357173919677735,"y":-6.706127166748047,"z":-3.9159164428710939},"rotation":{"x":0.08688360452651978,"y":-0.9123889803886414,"z":0.30124741792678835,"w":0.2631455361843109},"size":53.12864303588867,"orthographic":false}