{"cameraMode":{"drawMode":0,"name":"Shaded","section":"Shading Mode"},"sceneLighting":false,"audioPlay":false,"sceneViewState":{"showFog":true,"showMaterialUpdate":false,"showSkybox":false,"showFlares":true,"showImageEffects":true,"showParticleSystems":true},"in2DMode":false,"pivot":{"x":-3.3830604553222658,"y":58.07866668701172,"z":0.014827728271484375},"rotation":{"x":0.3486666679382324,"y":0.14812880754470826,"z":-0.05590886250138283,"w":0.9237757921218872},"size":37.48579025268555,"orthographic":false}