{"cameraMode":{"drawMode":0,"name":"Shaded","section":"Shading Mode"},"sceneLighting":false,"audioPlay":false,"sceneViewState":{"showFog":true,"showMaterialUpdate":false,"showSkybox":false,"showFlares":true,"showImageEffects":true,"showParticleSystems":true},"in2DMode":false,"pivot":{"x":16.23868751525879,"y":81.92388153076172,"z":-22.32387924194336},"rotation":{"x":0.3544369041919708,"y":0.08538646250963211,"z":-0.0325205959379673,"w":0.9306041598320007},"size":12.66312026977539,"orthographic":false}