{"cameraMode":{"drawMode":0,"name":"Shaded","section":"Shading Mode"},"sceneLighting":false,"audioPlay":false,"sceneViewState":{"showFog":true,"showMaterialUpdate":false,"showSkybox":false,"showFlares":true,"showImageEffects":true,"showParticleSystems":true},"in2DMode":false,"pivot":{"x":0.14512157440185548,"y":0.3851504325866699,"z":0.5274977684020996},"rotation":{"x":-0.11016486585140228,"y":0.8895617127418518,"z":-0.3251163065433502,"w":-0.30142274498939516},"size":10.38956069946289,"orthographic":false}