{"cameraMode":{"drawMode":0,"name":"Shaded","section":"Shading Mode"},"sceneLighting":false,"audioPlay":false,"sceneViewState":{"showFog":true,"showMaterialUpdate":false,"showSkybox":false,"showFlares":true,"showImageEffects":true,"showParticleSystems":true},"in2DMode":false,"pivot":{"x":1.1208667755126954,"y":-8.408121109008789,"z":4.94914436340332},"rotation":{"x":0.4232359826564789,"y":0.12971563637256623,"z":-0.06136936694383621,"w":0.8945832848548889},"size":47.50979995727539,"orthographic":false}